{
  "23102A0029": {
    "roll_no": "23102A0029",
    "name": "MAYURESH KRISHNAKANT SAWANT",
    "isa_marks": 39,
    "mse_marks": 19,
    "ese_marks": 22,
    "status": "registered",
    "cheating_count": 0
  },
  "23102A0033": {
    "roll_no": "23102A0033",
    "name": "Vicky Pukale",
    "isa_marks": 0,
    "mse_marks": 0,
    "ese_marks": 50,
    "status": "terminated",
    "cheating_count": 3
  },
  "23102A0037": {
    "roll_no": "23102A0037",
    "name": "YASHIKA VIJAY DHAWRAL",
    "isa_marks": 35,
    "mse_marks": 17,
    "ese_marks": 28,
    "status": "registered",
    "cheating_count": 0
  },
  "23102A0041": {
    "roll_no": "23102A0041",
    "name": "HARSHAL SURESH PATIL",
    "isa_marks": 35,
    "mse_marks": 9,
    "ese_marks": 36,
    "status": "registered",
    "cheating_count": 0
  },
  "23102A0043": {
    "roll_no": "23102A0043",
    "name": "GHANSHYAM JETHARAM KUMAVAT",
    "isa_marks": 15,
    "mse_marks": 7,
    "ese_marks": 0,
    "status": "registered",
    "cheating_count": 0
  }
}